id,first_name,last_name,department,_etl_loaded_at
1,Théophile,Martins,59,2023-02-08 01:00:00
2,Guy,Guyot,84,2023-02-08 01:00:00
3,Paulette,Chrétien,36,2023-02-08 01:00:00
4,François,Poulain,60,2023-02-08 01:00:00
5,Joseph,Pires,59,2023-02-08 01:00:00
6,Alex,Mercier,04,2023-02-08 01:00:00
7,Clémence,Guyon,18,2023-02-08 01:00:00
8,Margaret,Hardy,41,2023-02-08 01:00:00
9,Charles,Lecomte,08,2023-02-08 01:00:00
10,Henri,Bertrand,37,2023-02-08 01:00:00
11,Alfred,Adam,2B,2023-02-08 01:00:00
12,Jacques,Aubry,36,2023-02-08 01:00:00
13,Timothée,Germain,26,2023-02-08 01:00:00
14,Aimé,Launay,32,2023-02-08 01:00:00
15,Laure,Brun,53,2023-02-08 01:00:00
16,Honoré,Marty,976,2023-02-08 01:00:00
17,Catherine,Fleury,09,2023-02-08 01:00:00
18,Susanne,Rousset,73,2023-02-08 01:00:00
19,Nicole,Didier,69,2023-02-08 01:00:00
20,Roger,Pelletier,59,2023-02-08 01:00:00
21,Alexandrie,Durand,86,2023-02-08 01:00:00
22,Thibault,Laroche,976,2023-02-08 01:00:00
23,Louise,Maury,971,2023-02-08 01:00:00
24,Camille,Maréchal,48,2023-02-08 01:00:00
25,François,Lemonnier,84,2023-02-08 01:00:00
26,Olivier,Teixeira,976,2023-02-08 01:00:00
27,Victor,Roy,52,2023-02-08 01:00:00
28,Marcelle,Guillot,14,2023-02-08 01:00:00
29,Corinne,Clément,29,2023-02-08 01:00:00
30,Dominique,François,84,2023-02-08 01:00:00
31,Bernadette,Tessier,01,2023-02-08 01:00:00
32,Frédérique,Imbert,02,2023-02-08 01:00:00
33,Marie,Martin,82,2023-02-08 01:00:00
34,Sophie,Jourdan,91,2023-02-08 01:00:00
35,Renée,Leclerc,69,2023-02-08 01:00:00
36,Denis,Caron,51,2023-02-08 01:00:00
37,Anastasie,Jean,22,2023-02-08 01:00:00
38,Alexandre,Thomas,55,2023-02-08 01:00:00
39,Frédéric,Alves,05,2023-02-08 01:00:00
40,Claudine,Blin,78,2023-02-08 01:00:00
41,Dorothée,Evrard,23,2023-02-08 01:00:00
42,Catherine,Barre,80,2023-02-08 01:00:00
43,Éléonore,Lesage,69,2023-02-08 01:00:00
44,Juliette,Letellier,36,2023-02-08 01:00:00
45,Aimée,Dumas,91,2023-02-08 01:00:00
46,Margot,Faivre,74,2023-02-08 01:00:00
47,Laurence,Alves,94,2023-02-08 01:00:00
48,Audrey,Riou,2B,2023-02-08 01:00:00
49,Corinne,Traore,16,2023-02-08 01:00:00
50,Paulette,Pascal,74,2023-02-08 01:00:00
51,Henri,Renaud,40,2023-02-08 01:00:00
52,Camille,Robert,35,2023-02-08 01:00:00
53,Adèle,Lucas,976,2023-02-08 01:00:00
54,Maryse,Martineau,91,2023-02-08 01:00:00
55,Richard,Wagner,84,2023-02-08 01:00:00
56,Victor,Ramos,59,2023-02-08 01:00:00
57,Xavier,Blanchet,82,2023-02-08 01:00:00
58,Jeanne,Delattre,60,2023-02-08 01:00:00
59,Philippe,Lopes,11,2023-02-08 01:00:00
60,Julien,Wagner,50,2023-02-08 01:00:00
